Time,Kinetic_E,Potential_E,Total_E
0.0000,5199132.8881,-1329642.1771,3869490.7110
0.0100,5212605.0351,-1189928.8367,4022676.1984
0.0200,5220151.4751,-1386506.8275,3833644.6475
0.0300,5222666.9866,-1340990.3853,3881676.6012
0.0400,5223277.3578,-1225222.9031,3998054.4547
0.0500,5210996.3207,-1233626.5099,3977369.8108
0.0600,5204966.7270,-1376207.1721,3828759.5549
0.0700,5221730.5159,-1321377.0952,3900353.4208
0.0800,5183338.9745,-1358905.0099,3824433.9647
0.0900,5156021.5068,-1430249.0845,3725772.4224
0.1000,5168318.3687,-1248095.1528,3920223.2159
0.1100,5202469.0187,-1286989.6907,3915479.3280
0.1200,5229929.0368,-1334925.9293,3895003.1075
0.1300,5278678.2664,-1338511.3358,3940166.9306
0.1400,5324933.8117,-1242673.3426,4082260.4692
0.1500,5358112.3602,-1294864.6093,4063247.7509
0.1600,5330667.8956,-1431480.4329,3899187.4627
0.1700,5281384.1570,-1277947.2073,4003436.9497
0.1800,5254778.8847,-1327301.9829,3927476.9018
0.1900,5258939.1016,-1247868.1519,4011070.9497
0.2000,5260143.2354,-1267908.5639,3992234.6716
0.2100,5208748.0140,-1270394.9902,3938353.0238
0.2200,5175255.8223,-1211387.2730,3963868.5493
0.2300,5185277.8803,-1312770.4430,3872507.4373
0.2400,5198834.4101,-1258934.4700,3939899.9401
0.2500,5192297.4792,-1397747.3907,3794550.0885
0.2600,5221163.1556,-1311551.3704,3909611.7852
0.2700,5247918.6349,-1311195.7573,3936722.8776
0.2800,5235082.8779,-1273716.8671,3961366.0107
0.2900,5224181.1969,-1328653.3684,3895527.8285
0.3000,5228344.2850,-1105819.3732,4122524.9119
0.3100,5208344.4267,-1222197.5534,3986146.8733
0.3200,5190956.3515,-1366284.8003,3824671.5512
0.3300,5141066.1067,-1255315.0631,3885751.0435
0.3400,5116324.6695,-1271719.2285,3844605.4410
0.3500,5135810.1751,-1255226.2313,3880583.9438
0.3800,6634520.1302,-1741530.1681,4892989.9620
0.3900,6659145.3026,-1748788.6246,4910356.6780
0.4000,6691891.7558,-1700238.3336,4991653.4222
0.4100,6692805.3459,-1757664.1849,4935141.1610
0.4200,6679011.8116,-1704752.4849,4974259.3267
0.4300,6707639.9214,-1714641.6371,4992998.2843
0.4400,6742699.0552,-1727866.5452,5014832.5100
0.4500,6770886.4557,-1733488.2008,5037398.2548
0.4600,6763023.8804,-1744464.5409,5018559.3394
0.4700,6777983.7414,-1730290.2609,5047693.4806
0.4800,6844251.0030,-1710722.3803,5133528.6226
0.4900,6946613.5201,-1755831.8632,5190781.6569
0.5000,7060517.7566,-1701864.1322,5358653.6244
0.5100,7184924.0654,-1776893.3848,5408030.6806
0.5200,7298936.6135,-1799022.8721,5499913.7413
0.5300,7412107.1988,-1799623.6956,5612483.5031
0.5400,7538928.1655,-1718743.2982,5820184.8673
0.5500,7640187.0517,-1760750.0117,5879437.0400
0.5600,7616685.8730,-1808347.2219,5808338.6511
0.5700,7562962.8055,-1766251.7518,5796711.0537
0.5800,7479738.9473,-1788886.7291,5690852.2182
0.5900,7432574.6202,-1812519.2088,5620055.4114
0.6000,7388134.2719,-1749254.7168,5638879.5551
0.6100,7305479.2896,-1804201.2215,5501278.0681
0.6200,7212867.6495,-1839805.6255,5373062.0240
0.6300,7152521.3545,-1804261.5250,5348259.8295
0.6400,7046141.7782,-1775748.9361,5270392.8421
0.6500,6942598.4747,-1733368.7491,5209229.7257
0.6600,6847836.2644,-1749819.4468,5098016.8176
0.6700,6804681.3709,-1772660.2599,5032021.1109
0.6800,6769162.8767,-1706383.6887,5062779.1880
0.6900,6707173.1504,-1828371.6795,4878801.4709
0.7000,6625871.7400,-1744819.8584,4881051.8816
0.7100,6599307.1609,-1615068.8488,4984238.3121
0.7200,6592948.5657,-1705411.9190,4887536.6467
0.7300,6578308.3315,-1638468.6955,4939839.6359
0.7400,6527349.1746,-1668056.5488,4859292.6257
0.7500,6501536.2304,-1579464.3481,4922071.8823
0.7600,6557677.7394,-1622105.3392,4935572.4002
0.7700,6674422.0346,-1689473.2415,4984948.7931
0.7800,6744209.8297,-1680275.8820,5063933.9478
0.7900,6704102.0150,-1721577.5533,4982524.4617
0.8000,6637491.1399,-1668764.0697,4968727.0702
0.8100,6570894.9042,-1696030.7466,4874864.1577
0.8200,6515483.6053,-1617820.3344,4897663.2708
0.8300,6528089.8929,-1711425.8760,4816664.0169
0.8400,6506913.6709,-1726478.5434,4780435.1275
0.8500,6486859.4263,-1610112.8468,4876746.5794
0.8600,6484251.2663,-1641956.9829,4842294.2834
0.8700,6491074.3101,-1768068.7914,4723005.5186
0.8800,6471156.3391,-1678679.3320,4792477.0071
0.8900,6434998.0043,-1623838.5678,4811159.4365
0.9000,6425865.9899,-1707510.3104,4718355.6795
0.9100,6383841.6864,-1581679.5599,4802162.1265
0.9200,6353886.0308,-1720881.1740,4633004.8568
0.9300,6328623.0231,-1617579.5806,4711043.4426
0.9400,6363777.3537,-1685715.6779,4678061.6757
0.9500,6408766.3995,-1731584.2685,4677182.1310
0.9600,6448204.3040,-1732721.2591,4715483.0449
0.9700,6464412.8878,-1696644.9872,4767767.9005
0.9800,6496438.6994,-1644549.8188,4851888.8806
0.9900,6523819.5145,-1695512.3543,4828307.1602
1.0000,6486165.9567,-1680050.3842,4806115.5725
1.0100,6387002.9164,-1745659.4437,4641343.4727
1.0200,6310190.2719,-1611175.3461,4699014.9258
1.0300,6269151.1635,-1663669.2911,4605481.8724
1.0400,6233400.2840,-1660126.3798,4573273.9042
1.0500,6195329.0306,-1566646.6146,4628682.4161
1.0600,6236813.5058,-1673022.4386,4563791.0672
1.0700,6255752.7582,-1628224.8079,4627527.9502
1.0800,6251660.0981,-1587757.1747,4663902.9234
1.0900,6197692.6738,-1707104.9574,4490587.7164
1.1000,6183578.4536,-1680075.6154,4503502.8383
1.1100,6164287.4764,-1681849.9127,4482437.5637
1.1200,6156505.2107,-1555460.3454,4601044.8652
1.1300,6149384.9897,-1567454.2130,4581930.7767
1.1400,6145380.8651,-1701960.7622,4443420.1028
1.1500,6154781.4891,-1576934.9638,4577846.5253
1.1600,6114185.5382,-1636798.8486,4477386.6896
1.1700,6127318.3554,-1593502.1679,4533816.1874
1.1800,6099186.2133,-1672355.7833,4426830.4300
1.1900,6103077.9401,-1582257.7551,4520820.1850
1.2000,6095431.5135,-1528885.9252,4566545.5883
1.2100,6093562.2044,-1612496.4975,4481065.7069
1.2200,6122504.9595,-1643864.6825,4478640.2769
1.2300,6172464.9909,-1649095.4454,4523369.5455
1.2400,6176792.3988,-1632993.6120,4543798.7868
1.2500,6168364.5252,-1690082.0479,4478282.4773
1.2600,6147804.0778,-1488191.9197,4659612.1581
1.2700,6176890.9133,-1543217.9249,4633672.9884
1.2800,6319345.2099,-1610785.3580,4708559.8519
1.2900,6485761.9083,-1593633.9462,4892127.9621
1.3000,6648829.6831,-1646086.3046,5002743.3784
1.3100,6792824.8868,-1684097.2629,5108727.6239
1.3200,6971149.8472,-1574250.7388,5396899.1083
1.3300,6990644.9253,-1749294.4971,5241350.4282
1.3400,6886312.6370,-1744137.1911,5142175.4459
1.3500,6701328.6773,-1629888.0970,5071440.5804
1.3600,6531793.6642,-1543313.3263,4988480.3379
1.3700,6379160.8418,-1643273.4511,4735887.3907
1.3800,6264905.1159,-1662587.8972,4602317.2187
1.3900,6232929.9165,-1678400.4231,4554529.4934
1.4000,6253411.8655,-1619949.7163,4633462.1492
1.4100,6238162.2618,-1601854.3564,4636307.9054
1.4200,6199501.8082,-1596703.1221,4602798.6861
1.4300,6165676.9934,-1660593.7906,4505083.2029
1.4400,6120504.3477,-1627022.8082,4493481.5395
1.4500,6111899.7095,-1607099.8808,4504799.8287
1.4600,6058372.0540,-1562791.5173,4495580.5367
1.4700,6003695.7867,-1579437.7725,4424258.0143
1.4800,6019515.7909,-1576203.7768,4443312.0141
1.4900,6013880.6833,-1586222.3852,4427658.2981
1.5000,6029373.0845,-1589522.5944,4439850.4901
1.5100,6043215.3377,-1607556.3317,4435659.0060
1.5200,6081150.7784,-1586330.9764,4494819.8020
1.5300,6100749.4352,-1558108.1340,4542641.3011
1.5400,6114898.6033,-1674146.7321,4440751.8712
1.5500,6148714.3137,-1565831.4697,4582882.8440
1.5600,6188227.4354,-1649379.6759,4538847.7595
1.5700,6155232.9168,-1587568.0102,4567664.9066
1.5800,6171470.6577,-1660083.9631,4511386.6946
1.5900,6111259.6396,-1565936.4239,4545323.2157
1.6000,6069137.8863,-1620029.0512,4449108.8351
1.6100,6068141.0367,-1605954.9310,4462186.1057
1.6200,6135297.3398,-1670671.9369,4464625.4028
1.6300,6142339.7839,-1648799.0369,4493540.7470
1.6400,6209748.1840,-1614071.6247,4595676.5593
1.6500,6254802.5855,-1565243.4306,4689559.1550
1.6600,6287726.8031,-1523214.0582,4764512.7449
1.6700,6307463.0999,-1628909.0496,4678554.0503
1.6800,6347244.6661,-1585650.1610,4761594.5052
1.6900,6431193.5807,-1584050.6141,4847142.9666
1.7000,6482881.4855,-1694752.8920,4788128.5934
1.7100,6538288.6643,-1579095.3162,4959193.3482
1.7200,6584398.2427,-1721056.9908,4863341.2518
1.7300,6557242.2727,-1619238.5941,4938003.6786
1.7400,6487182.2787,-1689536.4690,4797645.8097
1.7500,6449173.9836,-1676368.2690,4772805.7146
1.7600,6460161.9056,-1683781.8218,4776380.0839
1.7700,6469972.7114,-1673655.3900,4796317.3213
1.7800,6521508.3063,-1623049.0377,4898459.2686
1.7900,6577516.9089,-1610176.9757,4967339.9332
1.8000,6596181.3507,-1676430.5788,4919750.7719
1.8100,6569443.9293,-1529589.4946,5039854.4347
1.8200,6542054.5997,-1750763.2534,4791291.3464
1.8300,6526432.4653,-1613771.5434,4912660.9219
1.8400,6542327.3932,-1670083.1146,4872244.2786
1.8500,6554917.2289,-1624623.5976,4930293.6314
1.8600,6565552.8073,-1609994.1755,4955558.6318
1.8700,6609764.9597,-1589113.6452,5020651.3144
1.8800,6689729.6226,-1606468.8275,5083260.7951
1.8900,6767077.3196,-1682165.0963,5084912.2232
1.9000,6846678.2250,-1641210.3340,5205467.8910
1.9100,6908465.1649,-1694572.2483,5213892.9166
1.9200,6973141.4670,-1700996.8199,5272144.6471
1.9300,7056011.8634,-1695874.8809,5360136.9826
1.9400,7105479.9461,-1687734.7203,5417745.2257
1.9500,7224290.7395,-1717116.8067,5507173.9328
1.9600,7185137.8690,-1725307.1228,5459830.7462
1.9700,7131012.0604,-1623372.2234,5507639.8369
1.9800,7049838.9522,-1648173.3314,5401665.6208
1.9900,7032409.7985,-1779733.6205,5252676.1781
2.0000,7068824.4007,-1733066.8070,5335757.5936
2.0100,7117303.5469,-1667780.7605,5449522.7864
2.0200,7158001.5464,-1684676.3275,5473325.2189
2.0300,7268986.7398,-1641242.4393,5627744.3005
2.0400,7303290.5811,-1682417.3346,5620873.2465
2.0500,7313586.8555,-1669485.7163,5644101.1392
2.0600,7366106.4414,-1640686.5544,5725419.8870
2.0700,7381729.1169,-1777033.1849,5604695.9320
2.0800,7388102.8637,-1796365.3886,5591737.4751
2.0900,7419204.3935,-1642095.7384,5777108.6551
2.1000,7489162.5427,-1674760.2389,5814402.3038
2.1100,7539730.1523,-1708363.8086,5831366.3436
2.1200,7623756.9158,-1770586.1168,5853170.7990
2.1300,7740453.8592,-1752012.1103,5988441.7489
2.1400,7897577.8274,-1754415.9708,6143161.8566
2.1500,8034207.0844,-1796170.7204,6238036.3640
2.1600,8124536.5377,-1789648.1866,6334888.3511
2.1700,8197260.6806,-1812986.3687,6384274.3119
2.1800,8255037.1372,-1841783.6895,6413253.4477
2.1900,8403544.5939,-1899305.4833,6504239.1106
2.2000,8570490.8930,-1758723.7265,6811767.1665
2.2100,8726174.4056,-1936562.0529,6789612.3526
2.2200,8916187.7649,-1815968.4609,7100219.3041
2.2300,9229951.6256,-1825863.0146,7404088.6110
2.2400,9502132.7612,-2065860.6364,7436272.1248
2.2500,9816985.6697,-2072732.9133,7744252.7564
2.2600,10181031.5902,-2104828.9039,8076202.6862
2.2700,10596107.6121,-2208890.3816,8387217.2305
2.2800,11299634.7802,-2105909.1952,9193725.5850
2.2900,12383830.4515,-2226005.6150,10157824.8364
2.3000,14144553.6776,-2415165.2040,11729388.4737
2.3100,16425341.5731,-2745976.9629,13679364.6103
2.3200,16105840.1641,-2640969.2805,13464870.8836
2.3300,15006774.3924,-2491969.7764,12514804.6160
2.3400,13809090.4001,-2405567.2309,11403523.1692
2.3500,12757367.1900,-2296883.2028,10460483.9872
2.3600,11809913.9020,-2268578.6854,9541335.2165
2.3700,11022409.2963,-2182266.6936,8840142.6027
2.3800,10380585.3920,-2194821.0523,8185764.3397
2.3900,9886406.9419,-2098894.5046,7787512.4373
2.4000,9493131.1072,-1956189.6734,7536941.4338
2.4100,9192510.4632,-1864645.5586,7327864.9046
2.4200,8900808.8293,-1934689.7046,6966119.1246
2.4300,8645875.2406,-1789879.8175,6855995.4231
2.4400,8370899.6268,-1860110.4348,6510789.1920
2.4500,8137864.6839,-1637809.4608,6500055.2231
2.4600,7944365.7099,-1776482.4411,6167883.2688
2.4700,7780410.4766,-1857416.6020,5922993.8745
2.4800,7677901.8851,-1704467.2668,5973434.6183
2.4900,7590885.5813,-1747819.4150,5843066.1664
2.5000,7533975.7022,-1656644.7227,5877330.9795
2.5100,7433368.5776,-1602244.1799,5831124.3977
2.5200,7316798.2141,-1794770.2711,5522027.9430
2.5300,7197044.5508,-1684992.7325,5512051.8183
2.5400,7095867.7636,-1557511.1227,5538356.6410
2.5500,7020600.2672,-1659430.0857,5361170.1814
2.5600,6929936.5212,-1559826.7117,5370109.8095
2.5700,6865315.7109,-1770477.9552,5094837.7558
2.5800,6816384.7815,-1638442.2478,5177942.5336
2.5900,6788584.1002,-1611885.5974,5176698.5028
2.6000,6743180.1530,-1604865.9622,5138314.1908
2.6100,6735806.0638,-1576730.0772,5159075.9865
2.6200,6724219.0987,-1587901.7961,5136317.3026
2.6300,6745425.0810,-1602953.9187,5142471.1623
2.6400,6787352.6997,-1665624.1472,5121728.5525
2.6500,6802975.5198,-1635365.9862,5167609.5335
2.6600,6803763.1432,-1620598.9562,5183164.1870
2.6700,6788104.3663,-1588329.6100,5199774.7563
2.6800,6785240.5625,-1570505.1399,5214735.4226
2.6900,6777738.8747,-1584400.6214,5193338.2533
2.7000,6767523.4909,-1514253.1631,5253270.3278
2.7100,6852267.6768,-1601709.9769,5250557.6999
2.7200,6968635.0942,-1667909.7150,5300725.3792
2.7300,7117248.3781,-1572495.5892,5544752.7889
2.7400,7327996.7230,-1718790.7438,5609205.9792
2.7500,7607743.0334,-1794412.3997,5813330.6336
2.7600,7914900.3092,-1747200.2096,6167700.0997
2.7700,8360780.8645,-1928750.9294,6432029.9351
2.7800,9046412.6967,-1882369.0226,7164043.6741
2.7900,10095708.5217,-1913965.7139,8181742.8078
2.8000,11302094.0364,-2028579.3898,9273514.6466
2.8100,11167180.1479,-2132174.5819,9035005.5660
2.8200,10614350.4959,-1932698.6011,8681651.8947
2.8300,9855799.1742,-1921403.9206,7934395.2537
2.8400,9214998.7547,-1984466.9396,7230531.8150
2.8500,8647850.4451,-1849283.3401,6798567.1050
2.8600,8190744.7083,-1785656.2800,6405088.4284
2.8700,7901852.8620,-1690039.8974,6211812.9646
2.8800,7685974.4421,-1759271.7439,5926702.6981
2.8900,7516486.4106,-1656179.5042,5860306.9064
2.9000,7389604.9191,-1762186.8479,5627418.0712
2.9100,7330519.0534,-1647130.0915,5683388.9619
2.9200,7430933.7953,-1603409.1718,5827524.6235
2.9300,7736449.3142,-1707035.4301,6029413.8841
2.9400,8161888.6064,-1728614.3703,6433274.2361
2.9500,7979141.9879,-1880569.9204,6098572.0675
2.9600,7637231.8280,-1812431.8127,5824800.0152
2.9700,7306638.6123,-1653400.7678,5653237.8445
2.9800,7036539.0523,-1595468.9663,5441070.0860
2.9900,6868918.3008,-1648686.5342,5220231.7666
3.0000,6799188.5008,-1618953.6359,5180234.8649
3.0100,6834542.6296,-1500012.6763,5334529.9533
3.0200,6857336.2722,-1495938.1490,5361398.1232
3.0300,6751439.0870,-1612812.4112,5138626.6757
3.0400,6625668.0378,-1522417.9175,5103250.1202
3.0500,6498316.7348,-1616400.5551,4881916.1797
3.0600,6439337.8509,-1521707.7363,4917630.1146
3.0700,6418964.4893,-1679498.3246,4739466.1647
3.0800,6380324.8624,-1519010.6211,4861314.2413
3.0900,6345343.9884,-1558771.1808,4786572.8076
3.1000,6354613.7339,-1496136.9042,4858476.8297
3.1100,6426724.8953,-1503354.8944,4923370.0008
3.1200,6523124.6416,-1518587.7282,5004536.9134
3.1300,6564394.2572,-1393926.3083,5170467.9490
3.1400,6495081.4102,-1471333.0982,5023748.3119
3.1500,6494758.2744,-1421593.4035,5073164.8709
3.1600,6597023.6631,-1539545.6005,5057478.0626
3.1700,6669956.4906,-1538649.8568,5131306.6337
3.1800,6646767.9809,-1412039.9143,5234728.0666
3.1900,6581440.6548,-1608651.9252,4972788.7295
3.2000,6480666.3092,-1548519.3996,4932146.9096
3.2100,6467333.6692,-1460950.6521,5006383.0171
3.2200,6375640.8157,-1463169.5555,4912471.2602
3.2300,6371251.4167,-1494313.2314,4876938.1853
3.2400,6376824.2199,-1463383.3013,4913440.9187
3.2500,6366715.8084,-1524012.8034,4842703.0050
3.2600,6341397.3193,-1359575.8368,4981821.4826
3.2700,6256510.0064,-1496792.9351,4759717.0713
3.2800,6208718.0728,-1486574.1373,4722143.9354
3.2900,6210327.0955,-1611792.1088,4598534.9868
3.3000,6265372.6742,-1515742.8926,4749629.7815
3.3100,6385199.5830,-1589271.7418,4795927.8413
3.3200,6450704.8780,-1458911.2168,4991793.6612
3.3300,6538899.9076,-1515362.0638,5023537.8438
3.3400,6583839.2643,-1532859.9867,5050979.2777
3.3500,6528301.7439,-1671689.2878,4856612.4560
3.3600,6481711.1216,-1587238.0614,4894473.0602
3.3700,6401423.8918,-1432285.9100,4969137.9818
3.3800,6351962.3484,-1455420.6555,4896541.6928
3.3900,6241994.2653,-1380009.6404,4861984.6249
3.4000,6179172.5935,-1452341.8399,4726830.7536
3.4100,6131618.4196,-1470073.7970,4661544.6225
3.4200,6103868.7941,-1507742.3121,4596126.4820
3.4300,6087563.8463,-1576926.3159,4510637.5304
3.4400,6066794.7716,-1470732.0432,4596062.7284
3.4500,5996351.8714,-1413104.3528,4583247.5186
3.4600,6000852.3562,-1369288.6901,4631563.6660
3.4700,6071838.6318,-1422862.1632,4648976.4686
3.4800,6108592.3097,-1377444.7670,4731147.5427
3.4900,6100035.5103,-1458098.5799,4641936.9304
3.5000,6051769.0835,-1403845.4220,4647923.6616
3.5100,5962780.7796,-1429860.4807,4532920.2989
3.5200,5921019.8660,-1394679.4503,4526340.4157
3.5300,5928509.5452,-1537599.2975,4390910.2477
3.5400,5910029.5224,-1354250.0282,4555779.4942
3.5500,5922877.8432,-1455757.9128,4467119.9304
3.5600,5927378.3443,-1440379.7723,4486998.5720
3.5700,5863047.1152,-1373824.2682,4489222.8470
3.5800,5847505.8825,-1266104.4783,4581401.4042
3.5900,5799149.3961,-1426713.9028,4372435.4933
3.6000,5776326.0937,-1278326.6138,4497999.4800
3.6100,5769070.3370,-1450932.1075,4318138.2295
3.6200,5788301.7716,-1492270.8343,4296030.9373
3.6300,5797405.3675,-1446052.1750,4351353.1925
3.6400,5847634.6087,-1334658.1058,4512976.5029
3.6500,5876004.2415,-1479074.4313,4396929.8103
3.6600,5877922.3966,-1412262.2263,4465660.1703
3.6700,5882128.6120,-1480568.9329,4401559.6791
3.6800,5841320.7575,-1272319.6575,4569001.1000
3.6900,5833087.9382,-1318537.0928,4514550.8454
3.7000,5840681.3583,-1421901.7607,4418779.5977
3.7100,5819484.8851,-1370417.6154,4449067.2697
3.7200,5800770.0772,-1453936.6015,4346833.4757
3.7300,5844385.7159,-1441624.4186,4402761.2973
3.7400,5937252.6726,-1531854.3330,4405398.3396
3.7500,5937129.6269,-1501711.6578,4435417.9691
3.7600,5885359.9070,-1425300.8064,4460059.1006
3.7700,5944036.8706,-1386874.8510,4557162.0196
3.7800,6007588.2238,-1406737.1869,4600851.0370
3.7900,6024446.9601,-1517583.5174,4506863.4427
3.8000,5997254.8706,-1486620.9044,4510633.9662
3.8100,5991076.8493,-1448647.1937,4542429.6555
3.8200,5870207.2664,-1359977.9960,4510229.2704
3.8300,5792622.0989,-1429416.3344,4363205.7645
3.8400,5755939.1518,-1422818.8702,4333120.2816
3.8500,5742066.3811,-1455118.3575,4286948.0236
3.8600,5757897.3457,-1293746.7827,4464150.5629
3.8700,5781944.5384,-1334003.8127,4447940.7257
3.8800,5822524.0965,-1433558.4433,4388965.6533
3.8900,5850372.7861,-1448350.4786,4402022.3074
3.9000,5894878.4609,-1307694.5585,4587183.9024
3.9100,5927190.1980,-1433371.8229,4493818.3752
3.9200,5997216.7171,-1566543.7614,4430672.9557
3.9300,6084306.8250,-1475388.7576,4608918.0674
3.9400,6007883.7188,-1495353.7032,4512530.0155
3.9500,5985910.6830,-1423583.3032,4562327.3798
3.9600,5967279.2884,-1485428.0875,4481851.2008
3.9700,5957958.9177,-1398859.3337,4559099.5840
3.9800,5936184.3704,-1381102.5893,4555081.7812
3.9900,5948281.5714,-1258021.4203,4690260.1511
4.0000,5908716.2784,-1447690.4077,4461025.8707
4.0100,5831536.3508,-1332376.6348,4499159.7160
4.0200,5827794.3508,-1514189.5724,4313604.7784
4.0300,5870577.9707,-1452628.3724,4417949.5983
4.0400,5916285.8063,-1458986.0672,4457299.7391
4.0500,5926574.7840,-1324632.8344,4601941.9496
4.0600,5905841.9721,-1417802.5758,4488039.3964
4.0700,5863562.5212,-1250364.4782,4613198.0430
4.0800,5839013.3475,-1201889.2589,4637124.0886
4.0900,5860367.0950,-1388513.7401,4471853.3549
4.1000,5835514.9432,-1290202.8275,4545312.1157
4.1100,5779692.6977,-1300853.4065,4478839.2913
4.1200,5758478.9070,-1498058.7685,4260420.1385
4.1300,5728206.9782,-1376385.1784,4351821.7998
4.1400,5690778.2796,-1475164.4178,4215613.8618
4.1500,5659374.1850,-1302170.0944,4357204.0905
4.1600,5646833.2002,-1374995.4673,4271837.7329
4.1700,5649074.9417,-1420484.2406,4228590.7011
4.1800,5620509.8678,-1480304.6811,4140205.1867
4.1900,5611549.5907,-1483072.6973,4128476.8934
4.2000,5580545.9342,-1378103.2125,4202442.7217
4.2100,5502340.5918,-1241720.5497,4260620.0422
4.2200,5475739.2297,-1346400.1286,4129339.1011
4.2300,5500794.4703,-1255343.2444,4245451.2259
4.2400,5564260.8149,-1446520.7177,4117740.0972
4.2500,5553446.9504,-1419733.3197,4133713.6307
4.2600,5538303.1162,-1291857.0784,4246446.0378
4.2700,5537669.4522,-1389394.9637,4148274.4884
4.2800,5571658.2600,-1282745.0668,4288913.1932
4.2900,5632481.9580,-1354631.7896,4277850.1685
4.3000,5666147.8057,-1358922.4231,4307225.3826
4.3100,5645114.2891,-1428184.1660,4216930.1231
4.3200,5627456.6119,-1369654.3890,4257802.2229
4.3300,5594946.3582,-1442268.8671,4152677.4910
4.3400,5572371.6881,-1298944.6182,4273427.0699
4.3500,5529831.8408,-1328968.9453,4200862.8955
4.3600,5488030.5951,-1413457.8539,4074572.7413
4.3700,5488675.4061,-1303769.7972,4184905.6089
4.3800,5551538.8043,-1271147.9883,4280390.8161
4.3900,5610869.0392,-1403360.0443,4207508.9949
4.4000,5610950.6735,-1377504.6181,4233446.0553
4.4100,5607253.9545,-1447913.6876,4159340.2669
4.4200,5589545.2366,-1373084.7536,4216460.4830
4.4300,5585989.4513,-1234390.8356,4351598.6158
4.4400,5612630.0666,-1338084.6455,4274545.4211
4.4500,5645329.4923,-1345450.6771,4299878.8151
4.4600,5644194.3223,-1208213.2081,4435981.1142
4.4700,5539367.9706,-1403393.4587,4135974.5119
4.4800,5443496.2519,-1388414.0834,4055082.1685
4.4900,5381846.8394,-1460234.8407,3921611.9987
4.5000,5397453.3499,-1285382.5314,4112070.8186
4.5100,5389142.8787,-1301410.9396,4087731.9390
4.5200,5384607.4038,-1392159.8877,3992447.5161
4.5300,5359448.6888,-1237844.2672,4121604.4216
4.5400,5350790.7116,-1253741.0137,4097049.6978
4.5500,5330894.6357,-1269959.7034,4060934.9323
4.5600,5287368.5194,-1272205.8432,4015162.6762
4.5700,5274820.6765,-1338373.5395,3936447.1369
4.5800,5280086.4394,-1292771.4653,3987314.9742
4.5900,5286409.0198,-1300365.9383,3986043.0814
4.6000,5310047.9693,-1285765.1975,4024282.7718
4.6100,5353463.6892,-1365378.0918,3988085.5974
4.6200,5433424.7901,-1342428.5400,4090996.2501
4.6300,5453383.5429,-1307546.5402,4145837.0027
4.6400,5401302.4465,-1322046.0492,4079256.3973
4.6500,5371550.7485,-1300926.2906,4070624.4579
4.6600,5312668.0275,-1199876.9553,4112791.0722
4.6700,5318877.8013,-1381950.6545,3936927.1467
4.6800,5371999.8059,-1194343.8994,4177655.9065
4.6900,5384631.1321,-1417027.3032,3967603.8289
4.7000,5348008.9884,-1331716.2079,4016292.7805
4.7100,5321669.5284,-1353045.4559,3968624.0724
4.7200,5289077.3989,-1267906.4834,4021170.9155
4.7300,5291753.5292,-1361253.1470,3930500.3822
4.7400,5339846.2742,-1326419.4310,4013426.8432
4.7500,5346538.4950,-1291162.6249,4055375.8702
4.7600,5373045.0992,-1355358.9093,4017686.1899
4.7700,5420611.9626,-1311466.5540,4109145.4086
4.7800,5457951.6814,-1351211.7452,4106739.9363
4.7900,5521817.7701,-1303401.8725,4218415.8976
4.8000,5542211.8168,-1383808.4275,4158403.3893
4.8100,5552727.7602,-1249509.1659,4303218.5943
4.8200,5553456.4337,-1368650.8574,4184805.5763
4.8300,5514343.1470,-1338903.0993,4175440.0477
4.8400,5472740.5654,-1437136.6240,4035603.9414
4.8500,5465999.2925,-1530090.1993,3935909.0932
4.8600,5509050.5613,-1361432.9125,4147617.6488
4.8700,5560660.7450,-1377018.4394,4183642.3056
4.8800,5624375.0539,-1312340.5260,4312034.5279
4.8900,5644576.9261,-1303303.7099,4341273.2162
4.9000,5655592.9129,-1398667.3900,4256925.5229
4.9100,5688745.1454,-1422523.4043,4266221.7410
4.9200,5640978.8831,-1338437.1770,4302541.7061
4.9300,5550641.8088,-1258952.4871,4291689.3217
4.9400,5420929.8970,-1280422.2724,4140507.6246
4.9500,5305203.6721,-1370027.8033,3935175.8687
4.9600,5254994.4530,-1206684.4455,4048310.0074
4.9700,5236360.6229,-1186791.3688,4049569.2541
4.9800,5222818.9150,-1346360.7021,3876458.2129
4.9900,5209394.4679,-1378614.3204,3830780.1475
5.0000,5163410.1634,-1243154.3878,3920255.7756
5.0100,5182292.9074,-1191204.2639,3991088.6435
5.0200,5212595.4714,-1316771.9830,3895823.4883
5.0300,5217380.6148,-1339532.9445,3877847.6703
5.0400,5237857.9089,-1289899.8203,3947958.0886
5.0500,5229606.1179,-1271484.8077,3958121.3102
5.0600,5228130.6137,-1356283.0340,3871847.5797
5.0700,5221545.7975,-1403661.7818,3817884.0157
5.0800,5209380.6814,-1344542.8192,3864837.8622
5.0900,5231368.4559,-1334607.8272,3896760.6288
5.1000,5281289.1025,-1329032.3887,3952256.7138
5.1100,5333029.8192,-1410662.3753,3922367.4439
5.1200,5382791.3240,-1309378.3503,4073412.9737
5.1300,5376524.2224,-1296514.5275,4080009.6949
5.1400,5324567.1471,-1321990.5921,4002576.5551
5.1500,5293075.5950,-1245119.6544,4047955.9405
5.1600,5292830.9494,-1385333.4445,3907497.5050
5.1700,5312020.8074,-1338979.8263,3973040.9811
5.1800,5334047.4759,-1277343.6789,4056703.7969
5.1900,5393495.1870,-1340118.0569,4053377.1300
5.2000,5485116.8627,-1385100.0234,4100016.8393
5.2100,5530733.4230,-1335050.7915,4195682.6316
5.2200,5536456.0422,-1316540.3699,4219915.6723
5.2300,5506835.3564,-1295096.6013,4211738.7551
5.2400,5476561.7740,-1420786.8506,4055774.9234
5.2500,5435641.6866,-1340967.3848,4094674.3017
5.2600,5395858.9836,-1278550.3054,4117308.6782
5.2700,5366076.6693,-1297704.3674,4068372.3018
5.2800,5328387.8093,-1252931.8896,4075455.9197
5.2900,5311963.2794,-1378957.9742,3933005.3052
5.3000,5275289.1128,-1270363.1467,4004925.9661
5.3100,5260669.3321,-1432656.2591,3828013.0730
5.3200,5252785.9867,-1327711.0029,3925074.9838
5.3300,5270970.9208,-1295812.5002,3975158.4206
5.3400,5268289.3780,-1165154.8601,4103134.5179
5.3500,5274823.0782,-1314408.7826,3960414.2956
5.3600,5276280.7343,-1306574.4050,3969706.3293
5.3700,5294640.0907,-1357023.4023,3937616.6885
5.3800,5331347.6544,-1328915.0249,4002432.6295
5.3900,5378261.0100,-1313593.8959,4064667.1140
5.4000,5360647.7254,-1239266.4343,4121381.2911
5.4100,5324280.1506,-1231478.8326,4092801.3180
5.4200,5299224.9440,-1335567.0732,3963657.8708
5.4300,5280148.3409,-1254259.7218,4025888.6191
5.4400,5297123.4367,-1286825.1988,4010298.2379
5.4500,5322238.9807,-1330071.1483,3992167.8324
5.4600,5352593.9713,-1304183.2203,4048410.7509
5.4700,5351444.0721,-1328639.8560,4022804.2161
5.4800,5351054.9830,-1365357.6302,3985697.3528
5.4900,5349942.9437,-1369869.0961,3980073.8476
5.5000,5415659.1227,-1251411.3473,4164247.7754
5.5100,5463842.2864,-1408876.8996,4054965.3868
5.5200,5445376.6090,-1353376.5034,4092000.1057
5.5300,5374104.9878,-1363158.8820,4010946.1058
5.5400,5336465.4221,-1285760.6286,4050704.7935
5.5500,5340428.9625,-1333536.1679,4006892.7946
5.5600,5318984.2108,-1300583.8740,4018400.3368
5.5700,5314758.9570,-1344838.0031,3969920.9539
5.5800,5301142.9068,-1296470.1918,4004672.7149
5.5900,5305613.9925,-1342093.3326,3963520.6599
5.6000,5291104.3014,-1356273.3726,3934830.9288
5.6100,5209279.3007,-1392269.5468,3817009.7540
5.6200,5142604.2494,-1267785.5254,3874818.7240
5.6300,5123449.1520,-1337157.5860,3786291.5660
5.6400,5122496.6703,-1253074.7474,3869421.9229
5.6500,5143194.6290,-1190791.9352,3952402.6938
5.6600,5189008.9446,-1377746.8355,3811262.1092
5.6700,5248351.9637,-1265856.4709,3982495.4928
5.6800,5296535.7650,-1283899.7735,4012635.9915
5.6900,5320557.5654,-1274962.2653,4045595.3000
5.7000,5307310.2455,-1442556.2317,3864754.0138
5.7100,5256177.1777,-1298772.6140,3957404.5638
5.7200,5220545.4998,-1446955.0852,3773590.4146
5.7300,5252490.8014,-1301296.8242,3951193.9773
5.7400,5244639.2240,-1208860.5425,4035778.6815
5.7500,5185827.5180,-1277722.0772,3908105.4409
5.7600,5162231.8147,-1273797.9774,3888433.8373
5.7700,5140261.6727,-1226017.5507,3914244.1220
5.7800,5117635.5059,-1270881.1594,3846754.3466
5.7900,5092018.8946,-1249879.2233,3842139.6713
5.8000,5064665.8065,-1314006.6592,3750659.1473
5.8100,5112621.8638,-1128837.7295,3983784.1343
5.8200,5119092.1160,-1445515.7472,3673576.3688
5.8300,5145692.4486,-1427153.9489,3718538.4997
5.8400,5151131.1456,-1326358.1100,3824773.0356
5.8500,5132801.4517,-1269942.2179,3862859.2337
5.8600,5081222.9371,-1337092.7325,3744130.2046
5.8700,5067372.3838,-1267210.8145,3800161.5693
5.8800,5035744.2312,-1305962.0242,3729782.2070
5.8900,5008762.9856,-1287528.4421,3721234.5435
5.9000,5020049.9769,-1259220.2509,3760829.7260
5.9100,5060989.1047,-1220198.4589,3840790.6458
5.9200,5074656.9352,-1318711.2751,3755945.6601
5.9300,5058544.0453,-1295164.4597,3763379.5856
5.9400,5067705.1930,-1299679.9483,3768025.2448
5.9500,5083350.0985,-1415736.6265,3667613.4720
5.9600,5083965.6213,-1344586.2595,3739379.3618
5.9700,5126333.7887,-1277896.4637,3848437.3250
5.9800,5163260.7459,-1308960.0804,3854300.6656
